Name,Type,Forward_MACs,FPercent,Memory,MPercent,Params,PPercent,InShape,OutShape
/backbone/input_stem/op_list.0/conv/Conv,Conv,18579456,0.28%,5312000,0.51%,896,0.00%,1x3x288x288,1x32x144x144
/backbone/input_stem/op_list.0/act/Relu,Relu,663552,0.01%,5308416,0.51%,0,0.00%,1x32x144x144,1x32x144x144
/backbone/input_stem/op_list.1/main/depth_conv/conv/Conv,Conv,6635520,0.10%,5309696,0.51%,320,0.00%,1x32x144x144,1x32x144x144
/backbone/input_stem/op_list.1/main/depth_conv/act/Relu,Relu,663552,0.01%,5308416,0.51%,0,0.00%,1x32x144x144,1x32x144x144
/backbone/input_stem/op_list.1/main/point_conv/conv/Conv,Conv,21897216,0.33%,5312640,0.51%,1056,0.00%,1x32x144x144,1x32x144x144
/backbone/input_stem/op_list.1/Add,Add,663552,0.01%,5308416,0.51%,0,0.00%,1x32x144x144,1x32x144x144
/backbone/stages.0/op_list.0/main/inverted_conv/conv/Conv,Conv,87588864,1.33%,21250560,2.04%,4224,0.01%,1x32x144x144,1x128x144x144
/backbone/stages.0/op_list.0/main/inverted_conv/act/Relu,Relu,2654208,0.04%,21233664,2.04%,0,0.00%,1x128x144x144,1x128x144x144
/backbone/stages.0/op_list.0/main/depth_conv/conv/Conv,Conv,6635520,0.10%,5313536,0.51%,1280,0.00%,1x128x144x144,1x128x72x72
/backbone/stages.0/op_list.0/main/depth_conv/act/Relu,Relu,663552,0.01%,5308416,0.51%,0,0.00%,1x128x72x72,1x128x72x72
/backbone/stages.0/op_list.0/main/point_conv/conv/Conv,Conv,42799104,0.65%,2687232,0.26%,8256,0.02%,1x128x72x72,1x64x72x72
/backbone/stages.0/op_list.1/main/inverted_conv/conv/Conv,Conv,86261760,1.31%,10683392,1.03%,16640,0.03%,1x64x72x72,1x256x72x72
/backbone/stages.0/op_list.1/main/inverted_conv/act/Relu,Relu,1327104,0.02%,10616832,1.02%,0,0.00%,1x256x72x72,1x256x72x72
/backbone/stages.0/op_list.1/main/depth_conv/conv/Conv,Conv,13271040,0.20%,10627072,1.02%,2560,0.01%,1x256x72x72,1x256x72x72
/backbone/stages.0/op_list.1/main/depth_conv/act/Relu,Relu,1327104,0.02%,10616832,1.02%,0,0.00%,1x256x72x72,1x256x72x72
/backbone/stages.0/op_list.1/main/point_conv/conv/Conv,Conv,85266432,1.29%,2720000,0.26%,16448,0.03%,1x256x72x72,1x64x72x72
/backbone/stages.0/op_list.1/Add,Add,331776,0.01%,2654208,0.26%,0,0.00%,1x64x72x72,1x64x72x72
/backbone/stages.0/op_list.2/main/inverted_conv/conv/Conv,Conv,86261760,1.31%,10683392,1.03%,16640,0.03%,1x64x72x72,1x256x72x72
/backbone/stages.0/op_list.2/main/inverted_conv/act/Relu,Relu,1327104,0.02%,10616832,1.02%,0,0.00%,1x256x72x72,1x256x72x72
/backbone/stages.0/op_list.2/main/depth_conv/conv/Conv,Conv,13271040,0.20%,10627072,1.02%,2560,0.01%,1x256x72x72,1x256x72x72
/backbone/stages.0/op_list.2/main/depth_conv/act/Relu,Relu,1327104,0.02%,10616832,1.02%,0,0.00%,1x256x72x72,1x256x72x72
/backbone/stages.0/op_list.2/main/point_conv/conv/Conv,Conv,85266432,1.29%,2720000,0.26%,16448,0.03%,1x256x72x72,1x64x72x72
/backbone/stages.0/op_list.2/Add,Add,331776,0.01%,2654208,0.26%,0,0.00%,1x64x72x72,1x64x72x72
/backbone/stages.0/op_list.3/main/inverted_conv/conv/Conv,Conv,86261760,1.31%,10683392,1.03%,16640,0.03%,1x64x72x72,1x256x72x72
/backbone/stages.0/op_list.3/main/inverted_conv/act/Relu,Relu,1327104,0.02%,10616832,1.02%,0,0.00%,1x256x72x72,1x256x72x72
/backbone/stages.0/op_list.3/main/depth_conv/conv/Conv,Conv,13271040,0.20%,10627072,1.02%,2560,0.01%,1x256x72x72,1x256x72x72
/backbone/stages.0/op_list.3/main/depth_conv/act/Relu,Relu,1327104,0.02%,10616832,1.02%,0,0.00%,1x256x72x72,1x256x72x72
/backbone/stages.0/op_list.3/main/point_conv/conv/Conv,Conv,85266432,1.29%,2720000,0.26%,16448,0.03%,1x256x72x72,1x64x72x72
/backbone/stages.0/op_list.3/Add,Add,331776,0.01%,2654208,0.26%,0,0.00%,1x64x72x72,1x64x72x72
/backbone/stages.1/op_list.0/main/inverted_conv/conv/Conv,Conv,86261760,1.31%,10683392,1.03%,16640,0.03%,1x64x72x72,1x256x72x72
/backbone/stages.1/op_list.0/main/inverted_conv/act/Relu,Relu,1327104,0.02%,10616832,1.02%,0,0.00%,1x256x72x72,1x256x72x72
/backbone/stages.1/op_list.0/main/depth_conv/conv/Conv,Conv,3317760,0.05%,2664448,0.26%,2560,0.01%,1x256x72x72,1x256x36x36
/backbone/stages.1/op_list.0/main/depth_conv/act/Relu,Relu,331776,0.01%,2654208,0.26%,0,0.00%,1x256x36x36,1x256x36x36
/backbone/stages.1/op_list.0/main/point_conv/conv/Conv,Conv,42633216,0.65%,1458688,0.14%,32896,0.07%,1x256x36x36,1x128x36x36
/backbone/stages.1/op_list.1/main/inverted_conv/conv/Conv,Conv,85598208,1.30%,5572608,0.54%,66048,0.14%,1x128x36x36,1x512x36x36
/backbone/stages.1/op_list.1/main/inverted_conv/act/Relu,Relu,663552,0.01%,5308416,0.51%,0,0.00%,1x512x36x36,1x512x36x36
/backbone/stages.1/op_list.1/main/depth_conv/conv/Conv,Conv,6635520,0.10%,5328896,0.51%,5120,0.01%,1x512x36x36,1x512x36x36
/backbone/stages.1/op_list.1/main/depth_conv/act/Relu,Relu,663552,0.01%,5308416,0.51%,0,0.00%,1x512x36x36,1x512x36x36
/backbone/stages.1/op_list.1/main/point_conv/conv/Conv,Conv,85100544,1.29%,1589760,0.15%,65664,0.14%,1x512x36x36,1x128x36x36
/backbone/stages.1/op_list.1/Add,Add,165888,0.00%,1327104,0.13%,0,0.00%,1x128x36x36,1x128x36x36
/backbone/stages.1/op_list.2/main/inverted_conv/conv/Conv,Conv,85598208,1.30%,5572608,0.54%,66048,0.14%,1x128x36x36,1x512x36x36
/backbone/stages.1/op_list.2/main/inverted_conv/act/Relu,Relu,663552,0.01%,5308416,0.51%,0,0.00%,1x512x36x36,1x512x36x36
/backbone/stages.1/op_list.2/main/depth_conv/conv/Conv,Conv,6635520,0.10%,5328896,0.51%,5120,0.01%,1x512x36x36,1x512x36x36
/backbone/stages.1/op_list.2/main/depth_conv/act/Relu,Relu,663552,0.01%,5308416,0.51%,0,0.00%,1x512x36x36,1x512x36x36
/backbone/stages.1/op_list.2/main/point_conv/conv/Conv,Conv,85100544,1.29%,1589760,0.15%,65664,0.14%,1x512x36x36,1x128x36x36
/backbone/stages.1/op_list.2/Add,Add,165888,0.00%,1327104,0.13%,0,0.00%,1x128x36x36,1x128x36x36
/backbone/stages.1/op_list.3/main/inverted_conv/conv/Conv,Conv,85598208,1.30%,5572608,0.54%,66048,0.14%,1x128x36x36,1x512x36x36
/backbone/stages.1/op_list.3/main/inverted_conv/act/Relu,Relu,663552,0.01%,5308416,0.51%,0,0.00%,1x512x36x36,1x512x36x36
/backbone/stages.1/op_list.3/main/depth_conv/conv/Conv,Conv,6635520,0.10%,5328896,0.51%,5120,0.01%,1x512x36x36,1x512x36x36
/backbone/stages.1/op_list.3/main/depth_conv/act/Relu,Relu,663552,0.01%,5308416,0.51%,0,0.00%,1x512x36x36,1x512x36x36
/backbone/stages.1/op_list.3/main/point_conv/conv/Conv,Conv,85100544,1.29%,1589760,0.15%,65664,0.14%,1x512x36x36,1x128x36x36
/backbone/stages.1/op_list.3/Add,Add,165888,0.00%,1327104,0.13%,0,0.00%,1x128x36x36,1x128x36x36
/backbone/stages.1/op_list.4/main/inverted_conv/conv/Conv,Conv,85598208,1.30%,5572608,0.54%,66048,0.14%,1x128x36x36,1x512x36x36
/backbone/stages.1/op_list.4/main/inverted_conv/act/Relu,Relu,663552,0.01%,5308416,0.51%,0,0.00%,1x512x36x36,1x512x36x36
/backbone/stages.1/op_list.4/main/depth_conv/conv/Conv,Conv,6635520,0.10%,5328896,0.51%,5120,0.01%,1x512x36x36,1x512x36x36
/backbone/stages.1/op_list.4/main/depth_conv/act/Relu,Relu,663552,0.01%,5308416,0.51%,0,0.00%,1x512x36x36,1x512x36x36
/backbone/stages.1/op_list.4/main/point_conv/conv/Conv,Conv,85100544,1.29%,1589760,0.15%,65664,0.14%,1x512x36x36,1x128x36x36
/backbone/stages.1/op_list.4/Add,Add,165888,0.00%,1327104,0.13%,0,0.00%,1x128x36x36,1x128x36x36
/backbone/stages.1/op_list.5/main/inverted_conv/conv/Conv,Conv,85598208,1.30%,5572608,0.54%,66048,0.14%,1x128x36x36,1x512x36x36
/backbone/stages.1/op_list.5/main/inverted_conv/act/Relu,Relu,663552,0.01%,5308416,0.51%,0,0.00%,1x512x36x36,1x512x36x36
/backbone/stages.1/op_list.5/main/depth_conv/conv/Conv,Conv,6635520,0.10%,5328896,0.51%,5120,0.01%,1x512x36x36,1x512x36x36
/backbone/stages.1/op_list.5/main/depth_conv/act/Relu,Relu,663552,0.01%,5308416,0.51%,0,0.00%,1x512x36x36,1x512x36x36
/backbone/stages.1/op_list.5/main/point_conv/conv/Conv,Conv,85100544,1.29%,1589760,0.15%,65664,0.14%,1x512x36x36,1x128x36x36
/backbone/stages.1/op_list.5/Add,Add,165888,0.00%,1327104,0.13%,0,0.00%,1x128x36x36,1x128x36x36
/backbone/stages.2/op_list.0/main/inverted_conv/conv/Conv,Conv,85598208,1.30%,5572608,0.54%,66048,0.14%,1x128x36x36,1x512x36x36
/backbone/stages.2/op_list.0/main/inverted_conv/act/Relu,Relu,663552,0.01%,5308416,0.51%,0,0.00%,1x512x36x36,1x512x36x36
/backbone/stages.2/op_list.0/main/depth_conv/conv/Conv,Conv,1658880,0.03%,1347584,0.13%,5120,0.01%,1x512x36x36,1x512x18x18
/backbone/stages.2/op_list.0/main/depth_conv/act/Relu,Relu,165888,0.00%,1327104,0.13%,0,0.00%,1x512x18x18,1x512x18x18
/backbone/stages.2/op_list.0/main/point_conv/conv/Conv,Conv,42550272,0.64%,1188864,0.11%,131328,0.27%,1x512x18x18,1x256x18x18
/backbone/stages.2/op_list.1/context_module/main/qkv/conv/Conv,Conv,63700992,0.96%,2777088,0.27%,196608,0.40%,1x256x18x18,1x768x18x18
/backbone/stages.2/op_list.1/context_module/main/aggreg.0/aggreg.0.0/Conv,Conv,6220800,0.09%,2067456,0.20%,19200,0.04%,1x768x18x18,1x768x18x18
/backbone/stages.2/op_list.1/context_module/main/aggreg.0/aggreg.0.1/Conv,Conv,7962624,0.12%,2088960,0.20%,24576,0.05%,1x768x18x18,1x768x18x18
/backbone/stages.2/op_list.1/context_module/main/Concat,Concat,0,0.00%,3981312,0.38%,0,0.00%,1x768x18x18,1x1536x18x18
/backbone/stages.2/op_list.1/context_module/main/Shape,Shape,0,0.00%,32,0.00%,0,0.00%,1x1536x18x18,4
/backbone/stages.2/op_list.1/context_module/main/Gather,Gather,0,0.00%,0,0.00%,0,0.00%,4,0
/backbone/stages.2/op_list.1/context_module/main/Unsqueeze,Unsqueeze,0,0.00%,16,0.00%,1,0.00%,0,1
/backbone/stages.2/op_list.1/context_module/main/Concat_1,Concat,0,0.00%,56,0.00%,3,0.00%,1,4
/backbone/stages.2/op_list.1/context_module/main/Reshape,Reshape,0,0.00%,3981312,0.38%,0,0.00%,1x1536x18x18,1x16x96x324
/backbone/stages.2/op_list.1/context_module/main/Slice,Slice,0,0.00%,1327128,0.13%,3,0.00%,1x16x96x324,1x16x32x324
/backbone/stages.2/op_list.1/context_module/main/Slice_1,Slice,0,0.00%,1327112,0.13%,1,0.00%,1x16x96x324,1x16x32x324
/backbone/stages.2/op_list.1/context_module/main/Slice_2,Slice,0,0.00%,1327112,0.13%,1,0.00%,1x16x96x324,1x16x32x324
/backbone/stages.2/op_list.1/context_module/main/kernel_func/Relu,Relu,165888,0.00%,1327104,0.13%,0,0.00%,1x16x32x324,1x16x32x324
/backbone/stages.2/op_list.1/context_module/main/kernel_func_1/Relu,Relu,165888,0.00%,1327104,0.13%,0,0.00%,1x16x32x324,1x16x32x324
/backbone/stages.2/op_list.1/context_module/main/Transpose,Transpose,0,0.00%,1327104,0.13%,0,0.00%,1x16x32x324,1x16x324x32
/backbone/stages.2/op_list.1/context_module/main/Pad,Pad,0,0.00%,1368640,0.13%,8,0.00%,1x16x32x324,1x16x33x324
/backbone/stages.2/op_list.1/context_module/main/MatMul,MatMul,5474304,0.08%,135168,0.01%,0,0.00%,1x16x33x324,1x16x33x32
/backbone/stages.2/op_list.1/context_module/main/MatMul_1,MatMul,5474304,0.08%,1368576,0.13%,0,0.00%,1x16x33x32,1x16x33x324
/backbone/stages.2/op_list.1/context_module/main/Slice_4,Slice,0,0.00%,1327104,0.13%,0,0.00%,1x16x33x324,1x16x32x324
/backbone/stages.2/op_list.1/context_module/main/Slice_5,Slice,0,0.00%,41472,0.00%,0,0.00%,1x16x33x324,1x16x1x324
/backbone/stages.2/op_list.1/context_module/main/Add,Add,5184,0.00%,41472,0.00%,0,0.00%,1x16x1x324,1x16x1x324
/backbone/stages.2/op_list.1/context_module/main/Div,Div,663552,0.01%,1327104,0.13%,0,0.00%,1x16x32x324,1x16x32x324
/backbone/stages.2/op_list.1/context_module/main/Concat_3,Concat,0,0.00%,40,0.00%,1,0.00%,1,4
/backbone/stages.2/op_list.1/context_module/main/Reshape_3,Reshape,0,0.00%,1327104,0.13%,0,0.00%,1x16x32x324,1x512x18x18
/backbone/stages.2/op_list.1/context_module/main/proj/conv/Conv,Conv,42550272,0.64%,1188864,0.11%,131328,0.27%,1x512x18x18,1x256x18x18
/backbone/stages.2/op_list.1/context_module/Add,Add,82944,0.00%,663552,0.06%,0,0.00%,1x256x18x18,1x256x18x18
/backbone/stages.2/op_list.1/local_module/main/inverted_conv/conv/Conv,Conv,85266432,1.29%,3706880,0.36%,263168,0.54%,1x256x18x18,1x1024x18x18
/backbone/stages.2/op_list.1/local_module/main/inverted_conv/act/Relu,Relu,331776,0.01%,2654208,0.26%,0,0.00%,1x1024x18x18,1x1024x18x18
/backbone/stages.2/op_list.1/local_module/main/depth_conv/conv/Conv,Conv,3317760,0.05%,2695168,0.26%,10240,0.02%,1x1024x18x18,1x1024x18x18
/backbone/stages.2/op_list.1/local_module/main/depth_conv/act/Relu,Relu,331776,0.01%,2654208,0.26%,0,0.00%,1x1024x18x18,1x1024x18x18
/backbone/stages.2/op_list.1/local_module/main/point_conv/conv/Conv,Conv,85017600,1.29%,1713152,0.16%,262400,0.54%,1x1024x18x18,1x256x18x18
/backbone/stages.2/op_list.1/local_module/Add,Add,82944,0.00%,663552,0.06%,0,0.00%,1x256x18x18,1x256x18x18
/backbone/stages.2/op_list.2/context_module/main/qkv/conv/Conv,Conv,63700992,0.96%,2777088,0.27%,196608,0.40%,1x256x18x18,1x768x18x18
/backbone/stages.2/op_list.2/context_module/main/aggreg.0/aggreg.0.0/Conv,Conv,6220800,0.09%,2067456,0.20%,19200,0.04%,1x768x18x18,1x768x18x18
/backbone/stages.2/op_list.2/context_module/main/aggreg.0/aggreg.0.1/Conv,Conv,7962624,0.12%,2088960,0.20%,24576,0.05%,1x768x18x18,1x768x18x18
/backbone/stages.2/op_list.2/context_module/main/Concat,Concat,0,0.00%,3981312,0.38%,0,0.00%,1x768x18x18,1x1536x18x18
/backbone/stages.2/op_list.2/context_module/main/Shape,Shape,0,0.00%,32,0.00%,0,0.00%,1x1536x18x18,4
/backbone/stages.2/op_list.2/context_module/main/Gather,Gather,0,0.00%,0,0.00%,0,0.00%,4,0
/backbone/stages.2/op_list.2/context_module/main/Unsqueeze,Unsqueeze,0,0.00%,8,0.00%,0,0.00%,0,1
/backbone/stages.2/op_list.2/context_module/main/Concat_1,Concat,0,0.00%,32,0.00%,0,0.00%,1,4
/backbone/stages.2/op_list.2/context_module/main/Reshape,Reshape,0,0.00%,3981312,0.38%,0,0.00%,1x1536x18x18,1x16x96x324
/backbone/stages.2/op_list.2/context_module/main/Slice,Slice,0,0.00%,1327104,0.13%,0,0.00%,1x16x96x324,1x16x32x324
/backbone/stages.2/op_list.2/context_module/main/Slice_1,Slice,0,0.00%,1327104,0.13%,0,0.00%,1x16x96x324,1x16x32x324
/backbone/stages.2/op_list.2/context_module/main/Slice_2,Slice,0,0.00%,1327104,0.13%,0,0.00%,1x16x96x324,1x16x32x324
/backbone/stages.2/op_list.2/context_module/main/kernel_func/Relu,Relu,165888,0.00%,1327104,0.13%,0,0.00%,1x16x32x324,1x16x32x324
/backbone/stages.2/op_list.2/context_module/main/kernel_func_1/Relu,Relu,165888,0.00%,1327104,0.13%,0,0.00%,1x16x32x324,1x16x32x324
/backbone/stages.2/op_list.2/context_module/main/Transpose,Transpose,0,0.00%,1327104,0.13%,0,0.00%,1x16x32x324,1x16x324x32
/backbone/stages.2/op_list.2/context_module/main/Pad,Pad,0,0.00%,1368576,0.13%,0,0.00%,1x16x32x324,1x16x33x324
/backbone/stages.2/op_list.2/context_module/main/MatMul,MatMul,5474304,0.08%,135168,0.01%,0,0.00%,1x16x33x324,1x16x33x32
/backbone/stages.2/op_list.2/context_module/main/MatMul_1,MatMul,5474304,0.08%,1368576,0.13%,0,0.00%,1x16x33x32,1x16x33x324
/backbone/stages.2/op_list.2/context_module/main/Slice_4,Slice,0,0.00%,1327104,0.13%,0,0.00%,1x16x33x324,1x16x32x324
/backbone/stages.2/op_list.2/context_module/main/Slice_5,Slice,0,0.00%,41472,0.00%,0,0.00%,1x16x33x324,1x16x1x324
/backbone/stages.2/op_list.2/context_module/main/Add,Add,5184,0.00%,41472,0.00%,0,0.00%,1x16x1x324,1x16x1x324
/backbone/stages.2/op_list.2/context_module/main/Div,Div,663552,0.01%,1327104,0.13%,0,0.00%,1x16x32x324,1x16x32x324
/backbone/stages.2/op_list.2/context_module/main/Concat_3,Concat,0,0.00%,32,0.00%,0,0.00%,1,4
/backbone/stages.2/op_list.2/context_module/main/Reshape_3,Reshape,0,0.00%,1327104,0.13%,0,0.00%,1x16x32x324,1x512x18x18
/backbone/stages.2/op_list.2/context_module/main/proj/conv/Conv,Conv,42550272,0.64%,1188864,0.11%,131328,0.27%,1x512x18x18,1x256x18x18
/backbone/stages.2/op_list.2/context_module/Add,Add,82944,0.00%,663552,0.06%,0,0.00%,1x256x18x18,1x256x18x18
/backbone/stages.2/op_list.2/local_module/main/inverted_conv/conv/Conv,Conv,85266432,1.29%,3706880,0.36%,263168,0.54%,1x256x18x18,1x1024x18x18
/backbone/stages.2/op_list.2/local_module/main/inverted_conv/act/Relu,Relu,331776,0.01%,2654208,0.26%,0,0.00%,1x1024x18x18,1x1024x18x18
/backbone/stages.2/op_list.2/local_module/main/depth_conv/conv/Conv,Conv,3317760,0.05%,2695168,0.26%,10240,0.02%,1x1024x18x18,1x1024x18x18
/backbone/stages.2/op_list.2/local_module/main/depth_conv/act/Relu,Relu,331776,0.01%,2654208,0.26%,0,0.00%,1x1024x18x18,1x1024x18x18
/backbone/stages.2/op_list.2/local_module/main/point_conv/conv/Conv,Conv,85017600,1.29%,1713152,0.16%,262400,0.54%,1x1024x18x18,1x256x18x18
/backbone/stages.2/op_list.2/local_module/Add,Add,82944,0.00%,663552,0.06%,0,0.00%,1x256x18x18,1x256x18x18
/backbone/stages.2/op_list.3/context_module/main/qkv/conv/Conv,Conv,63700992,0.96%,2777088,0.27%,196608,0.40%,1x256x18x18,1x768x18x18
/backbone/stages.2/op_list.3/context_module/main/aggreg.0/aggreg.0.0/Conv,Conv,6220800,0.09%,2067456,0.20%,19200,0.04%,1x768x18x18,1x768x18x18
/backbone/stages.2/op_list.3/context_module/main/aggreg.0/aggreg.0.1/Conv,Conv,7962624,0.12%,2088960,0.20%,24576,0.05%,1x768x18x18,1x768x18x18
/backbone/stages.2/op_list.3/context_module/main/Concat,Concat,0,0.00%,3981312,0.38%,0,0.00%,1x768x18x18,1x1536x18x18
/backbone/stages.2/op_list.3/context_module/main/Shape,Shape,0,0.00%,32,0.00%,0,0.00%,1x1536x18x18,4
/backbone/stages.2/op_list.3/context_module/main/Gather,Gather,0,0.00%,0,0.00%,0,0.00%,4,0
/backbone/stages.2/op_list.3/context_module/main/Unsqueeze,Unsqueeze,0,0.00%,8,0.00%,0,0.00%,0,1
/backbone/stages.2/op_list.3/context_module/main/Concat_1,Concat,0,0.00%,32,0.00%,0,0.00%,1,4
/backbone/stages.2/op_list.3/context_module/main/Reshape,Reshape,0,0.00%,3981312,0.38%,0,0.00%,1x1536x18x18,1x16x96x324
/backbone/stages.2/op_list.3/context_module/main/Slice,Slice,0,0.00%,1327104,0.13%,0,0.00%,1x16x96x324,1x16x32x324
/backbone/stages.2/op_list.3/context_module/main/Slice_1,Slice,0,0.00%,1327104,0.13%,0,0.00%,1x16x96x324,1x16x32x324
/backbone/stages.2/op_list.3/context_module/main/Slice_2,Slice,0,0.00%,1327104,0.13%,0,0.00%,1x16x96x324,1x16x32x324
/backbone/stages.2/op_list.3/context_module/main/kernel_func/Relu,Relu,165888,0.00%,1327104,0.13%,0,0.00%,1x16x32x324,1x16x32x324
/backbone/stages.2/op_list.3/context_module/main/kernel_func_1/Relu,Relu,165888,0.00%,1327104,0.13%,0,0.00%,1x16x32x324,1x16x32x324
/backbone/stages.2/op_list.3/context_module/main/Transpose,Transpose,0,0.00%,1327104,0.13%,0,0.00%,1x16x32x324,1x16x324x32
/backbone/stages.2/op_list.3/context_module/main/Pad,Pad,0,0.00%,1368576,0.13%,0,0.00%,1x16x32x324,1x16x33x324
/backbone/stages.2/op_list.3/context_module/main/MatMul,MatMul,5474304,0.08%,135168,0.01%,0,0.00%,1x16x33x324,1x16x33x32
/backbone/stages.2/op_list.3/context_module/main/MatMul_1,MatMul,5474304,0.08%,1368576,0.13%,0,0.00%,1x16x33x32,1x16x33x324
/backbone/stages.2/op_list.3/context_module/main/Slice_4,Slice,0,0.00%,1327104,0.13%,0,0.00%,1x16x33x324,1x16x32x324
/backbone/stages.2/op_list.3/context_module/main/Slice_5,Slice,0,0.00%,41472,0.00%,0,0.00%,1x16x33x324,1x16x1x324
/backbone/stages.2/op_list.3/context_module/main/Add,Add,5184,0.00%,41472,0.00%,0,0.00%,1x16x1x324,1x16x1x324
/backbone/stages.2/op_list.3/context_module/main/Div,Div,663552,0.01%,1327104,0.13%,0,0.00%,1x16x32x324,1x16x32x324
/backbone/stages.2/op_list.3/context_module/main/Concat_3,Concat,0,0.00%,32,0.00%,0,0.00%,1,4
/backbone/stages.2/op_list.3/context_module/main/Reshape_3,Reshape,0,0.00%,1327104,0.13%,0,0.00%,1x16x32x324,1x512x18x18
/backbone/stages.2/op_list.3/context_module/main/proj/conv/Conv,Conv,42550272,0.64%,1188864,0.11%,131328,0.27%,1x512x18x18,1x256x18x18
/backbone/stages.2/op_list.3/context_module/Add,Add,82944,0.00%,663552,0.06%,0,0.00%,1x256x18x18,1x256x18x18
/backbone/stages.2/op_list.3/local_module/main/inverted_conv/conv/Conv,Conv,85266432,1.29%,3706880,0.36%,263168,0.54%,1x256x18x18,1x1024x18x18
/backbone/stages.2/op_list.3/local_module/main/inverted_conv/act/Relu,Relu,331776,0.01%,2654208,0.26%,0,0.00%,1x1024x18x18,1x1024x18x18
/backbone/stages.2/op_list.3/local_module/main/depth_conv/conv/Conv,Conv,3317760,0.05%,2695168,0.26%,10240,0.02%,1x1024x18x18,1x1024x18x18
/backbone/stages.2/op_list.3/local_module/main/depth_conv/act/Relu,Relu,331776,0.01%,2654208,0.26%,0,0.00%,1x1024x18x18,1x1024x18x18
/backbone/stages.2/op_list.3/local_module/main/point_conv/conv/Conv,Conv,85017600,1.29%,1713152,0.16%,262400,0.54%,1x1024x18x18,1x256x18x18
/backbone/stages.2/op_list.3/local_module/Add,Add,82944,0.00%,663552,0.06%,0,0.00%,1x256x18x18,1x256x18x18
/backbone/stages.2/op_list.4/context_module/main/qkv/conv/Conv,Conv,63700992,0.96%,2777088,0.27%,196608,0.40%,1x256x18x18,1x768x18x18
/backbone/stages.2/op_list.4/context_module/main/aggreg.0/aggreg.0.0/Conv,Conv,6220800,0.09%,2067456,0.20%,19200,0.04%,1x768x18x18,1x768x18x18
/backbone/stages.2/op_list.4/context_module/main/aggreg.0/aggreg.0.1/Conv,Conv,7962624,0.12%,2088960,0.20%,24576,0.05%,1x768x18x18,1x768x18x18
/backbone/stages.2/op_list.4/context_module/main/Concat,Concat,0,0.00%,3981312,0.38%,0,0.00%,1x768x18x18,1x1536x18x18
/backbone/stages.2/op_list.4/context_module/main/Shape,Shape,0,0.00%,32,0.00%,0,0.00%,1x1536x18x18,4
/backbone/stages.2/op_list.4/context_module/main/Gather,Gather,0,0.00%,0,0.00%,0,0.00%,4,0
/backbone/stages.2/op_list.4/context_module/main/Unsqueeze,Unsqueeze,0,0.00%,8,0.00%,0,0.00%,0,1
/backbone/stages.2/op_list.4/context_module/main/Concat_1,Concat,0,0.00%,32,0.00%,0,0.00%,1,4
/backbone/stages.2/op_list.4/context_module/main/Reshape,Reshape,0,0.00%,3981312,0.38%,0,0.00%,1x1536x18x18,1x16x96x324
/backbone/stages.2/op_list.4/context_module/main/Slice,Slice,0,0.00%,1327104,0.13%,0,0.00%,1x16x96x324,1x16x32x324
/backbone/stages.2/op_list.4/context_module/main/Slice_1,Slice,0,0.00%,1327104,0.13%,0,0.00%,1x16x96x324,1x16x32x324
/backbone/stages.2/op_list.4/context_module/main/Slice_2,Slice,0,0.00%,1327104,0.13%,0,0.00%,1x16x96x324,1x16x32x324
/backbone/stages.2/op_list.4/context_module/main/kernel_func/Relu,Relu,165888,0.00%,1327104,0.13%,0,0.00%,1x16x32x324,1x16x32x324
/backbone/stages.2/op_list.4/context_module/main/kernel_func_1/Relu,Relu,165888,0.00%,1327104,0.13%,0,0.00%,1x16x32x324,1x16x32x324
/backbone/stages.2/op_list.4/context_module/main/Transpose,Transpose,0,0.00%,1327104,0.13%,0,0.00%,1x16x32x324,1x16x324x32
/backbone/stages.2/op_list.4/context_module/main/Pad,Pad,0,0.00%,1368576,0.13%,0,0.00%,1x16x32x324,1x16x33x324
/backbone/stages.2/op_list.4/context_module/main/MatMul,MatMul,5474304,0.08%,135168,0.01%,0,0.00%,1x16x33x324,1x16x33x32
/backbone/stages.2/op_list.4/context_module/main/MatMul_1,MatMul,5474304,0.08%,1368576,0.13%,0,0.00%,1x16x33x32,1x16x33x324
/backbone/stages.2/op_list.4/context_module/main/Slice_4,Slice,0,0.00%,1327104,0.13%,0,0.00%,1x16x33x324,1x16x32x324
/backbone/stages.2/op_list.4/context_module/main/Slice_5,Slice,0,0.00%,41472,0.00%,0,0.00%,1x16x33x324,1x16x1x324
/backbone/stages.2/op_list.4/context_module/main/Add,Add,5184,0.00%,41472,0.00%,0,0.00%,1x16x1x324,1x16x1x324
/backbone/stages.2/op_list.4/context_module/main/Div,Div,663552,0.01%,1327104,0.13%,0,0.00%,1x16x32x324,1x16x32x324
/backbone/stages.2/op_list.4/context_module/main/Concat_3,Concat,0,0.00%,32,0.00%,0,0.00%,1,4
/backbone/stages.2/op_list.4/context_module/main/Reshape_3,Reshape,0,0.00%,1327104,0.13%,0,0.00%,1x16x32x324,1x512x18x18
/backbone/stages.2/op_list.4/context_module/main/proj/conv/Conv,Conv,42550272,0.64%,1188864,0.11%,131328,0.27%,1x512x18x18,1x256x18x18
/backbone/stages.2/op_list.4/context_module/Add,Add,82944,0.00%,663552,0.06%,0,0.00%,1x256x18x18,1x256x18x18
/backbone/stages.2/op_list.4/local_module/main/inverted_conv/conv/Conv,Conv,85266432,1.29%,3706880,0.36%,263168,0.54%,1x256x18x18,1x1024x18x18
/backbone/stages.2/op_list.4/local_module/main/inverted_conv/act/Relu,Relu,331776,0.01%,2654208,0.26%,0,0.00%,1x1024x18x18,1x1024x18x18
/backbone/stages.2/op_list.4/local_module/main/depth_conv/conv/Conv,Conv,3317760,0.05%,2695168,0.26%,10240,0.02%,1x1024x18x18,1x1024x18x18
/backbone/stages.2/op_list.4/local_module/main/depth_conv/act/Relu,Relu,331776,0.01%,2654208,0.26%,0,0.00%,1x1024x18x18,1x1024x18x18
/backbone/stages.2/op_list.4/local_module/main/point_conv/conv/Conv,Conv,85017600,1.29%,1713152,0.16%,262400,0.54%,1x1024x18x18,1x256x18x18
/backbone/stages.2/op_list.4/local_module/Add,Add,82944,0.00%,663552,0.06%,0,0.00%,1x256x18x18,1x256x18x18
/backbone/stages.2/op_list.5/context_module/main/qkv/conv/Conv,Conv,63700992,0.96%,2777088,0.27%,196608,0.40%,1x256x18x18,1x768x18x18
/backbone/stages.2/op_list.5/context_module/main/aggreg.0/aggreg.0.0/Conv,Conv,6220800,0.09%,2067456,0.20%,19200,0.04%,1x768x18x18,1x768x18x18
/backbone/stages.2/op_list.5/context_module/main/aggreg.0/aggreg.0.1/Conv,Conv,7962624,0.12%,2088960,0.20%,24576,0.05%,1x768x18x18,1x768x18x18
/backbone/stages.2/op_list.5/context_module/main/Concat,Concat,0,0.00%,3981312,0.38%,0,0.00%,1x768x18x18,1x1536x18x18
/backbone/stages.2/op_list.5/context_module/main/Shape,Shape,0,0.00%,32,0.00%,0,0.00%,1x1536x18x18,4
/backbone/stages.2/op_list.5/context_module/main/Gather,Gather,0,0.00%,0,0.00%,0,0.00%,4,0
/backbone/stages.2/op_list.5/context_module/main/Unsqueeze,Unsqueeze,0,0.00%,8,0.00%,0,0.00%,0,1
/backbone/stages.2/op_list.5/context_module/main/Concat_1,Concat,0,0.00%,32,0.00%,0,0.00%,1,4
/backbone/stages.2/op_list.5/context_module/main/Reshape,Reshape,0,0.00%,3981312,0.38%,0,0.00%,1x1536x18x18,1x16x96x324
/backbone/stages.2/op_list.5/context_module/main/Slice,Slice,0,0.00%,1327104,0.13%,0,0.00%,1x16x96x324,1x16x32x324
/backbone/stages.2/op_list.5/context_module/main/Slice_1,Slice,0,0.00%,1327104,0.13%,0,0.00%,1x16x96x324,1x16x32x324
/backbone/stages.2/op_list.5/context_module/main/Slice_2,Slice,0,0.00%,1327104,0.13%,0,0.00%,1x16x96x324,1x16x32x324
/backbone/stages.2/op_list.5/context_module/main/kernel_func/Relu,Relu,165888,0.00%,1327104,0.13%,0,0.00%,1x16x32x324,1x16x32x324
/backbone/stages.2/op_list.5/context_module/main/kernel_func_1/Relu,Relu,165888,0.00%,1327104,0.13%,0,0.00%,1x16x32x324,1x16x32x324
/backbone/stages.2/op_list.5/context_module/main/Transpose,Transpose,0,0.00%,1327104,0.13%,0,0.00%,1x16x32x324,1x16x324x32
/backbone/stages.2/op_list.5/context_module/main/Pad,Pad,0,0.00%,1368576,0.13%,0,0.00%,1x16x32x324,1x16x33x324
/backbone/stages.2/op_list.5/context_module/main/MatMul,MatMul,5474304,0.08%,135168,0.01%,0,0.00%,1x16x33x324,1x16x33x32
/backbone/stages.2/op_list.5/context_module/main/MatMul_1,MatMul,5474304,0.08%,1368576,0.13%,0,0.00%,1x16x33x32,1x16x33x324
/backbone/stages.2/op_list.5/context_module/main/Slice_4,Slice,0,0.00%,1327104,0.13%,0,0.00%,1x16x33x324,1x16x32x324
/backbone/stages.2/op_list.5/context_module/main/Slice_5,Slice,0,0.00%,41472,0.00%,0,0.00%,1x16x33x324,1x16x1x324
/backbone/stages.2/op_list.5/context_module/main/Add,Add,5184,0.00%,41472,0.00%,0,0.00%,1x16x1x324,1x16x1x324
/backbone/stages.2/op_list.5/context_module/main/Div,Div,663552,0.01%,1327104,0.13%,0,0.00%,1x16x32x324,1x16x32x324
/backbone/stages.2/op_list.5/context_module/main/Concat_3,Concat,0,0.00%,32,0.00%,0,0.00%,1,4
/backbone/stages.2/op_list.5/context_module/main/Reshape_3,Reshape,0,0.00%,1327104,0.13%,0,0.00%,1x16x32x324,1x512x18x18
/backbone/stages.2/op_list.5/context_module/main/proj/conv/Conv,Conv,42550272,0.64%,1188864,0.11%,131328,0.27%,1x512x18x18,1x256x18x18
/backbone/stages.2/op_list.5/context_module/Add,Add,82944,0.00%,663552,0.06%,0,0.00%,1x256x18x18,1x256x18x18
/backbone/stages.2/op_list.5/local_module/main/inverted_conv/conv/Conv,Conv,85266432,1.29%,3706880,0.36%,263168,0.54%,1x256x18x18,1x1024x18x18
/backbone/stages.2/op_list.5/local_module/main/inverted_conv/act/Relu,Relu,331776,0.01%,2654208,0.26%,0,0.00%,1x1024x18x18,1x1024x18x18
/backbone/stages.2/op_list.5/local_module/main/depth_conv/conv/Conv,Conv,3317760,0.05%,2695168,0.26%,10240,0.02%,1x1024x18x18,1x1024x18x18
/backbone/stages.2/op_list.5/local_module/main/depth_conv/act/Relu,Relu,331776,0.01%,2654208,0.26%,0,0.00%,1x1024x18x18,1x1024x18x18
/backbone/stages.2/op_list.5/local_module/main/point_conv/conv/Conv,Conv,85017600,1.29%,1713152,0.16%,262400,0.54%,1x1024x18x18,1x256x18x18
/backbone/stages.2/op_list.5/local_module/Add,Add,82944,0.00%,663552,0.06%,0,0.00%,1x256x18x18,1x256x18x18
/backbone/stages.2/op_list.6/context_module/main/qkv/conv/Conv,Conv,63700992,0.96%,2777088,0.27%,196608,0.40%,1x256x18x18,1x768x18x18
/backbone/stages.2/op_list.6/context_module/main/aggreg.0/aggreg.0.0/Conv,Conv,6220800,0.09%,2067456,0.20%,19200,0.04%,1x768x18x18,1x768x18x18
/backbone/stages.2/op_list.6/context_module/main/aggreg.0/aggreg.0.1/Conv,Conv,7962624,0.12%,2088960,0.20%,24576,0.05%,1x768x18x18,1x768x18x18
/backbone/stages.2/op_list.6/context_module/main/Concat,Concat,0,0.00%,3981312,0.38%,0,0.00%,1x768x18x18,1x1536x18x18
/backbone/stages.2/op_list.6/context_module/main/Shape,Shape,0,0.00%,32,0.00%,0,0.00%,1x1536x18x18,4
/backbone/stages.2/op_list.6/context_module/main/Gather,Gather,0,0.00%,0,0.00%,0,0.00%,4,0
/backbone/stages.2/op_list.6/context_module/main/Unsqueeze,Unsqueeze,0,0.00%,8,0.00%,0,0.00%,0,1
/backbone/stages.2/op_list.6/context_module/main/Concat_1,Concat,0,0.00%,32,0.00%,0,0.00%,1,4
/backbone/stages.2/op_list.6/context_module/main/Reshape,Reshape,0,0.00%,3981312,0.38%,0,0.00%,1x1536x18x18,1x16x96x324
/backbone/stages.2/op_list.6/context_module/main/Slice,Slice,0,0.00%,1327104,0.13%,0,0.00%,1x16x96x324,1x16x32x324
/backbone/stages.2/op_list.6/context_module/main/Slice_1,Slice,0,0.00%,1327104,0.13%,0,0.00%,1x16x96x324,1x16x32x324
/backbone/stages.2/op_list.6/context_module/main/Slice_2,Slice,0,0.00%,1327104,0.13%,0,0.00%,1x16x96x324,1x16x32x324
/backbone/stages.2/op_list.6/context_module/main/kernel_func/Relu,Relu,165888,0.00%,1327104,0.13%,0,0.00%,1x16x32x324,1x16x32x324
/backbone/stages.2/op_list.6/context_module/main/kernel_func_1/Relu,Relu,165888,0.00%,1327104,0.13%,0,0.00%,1x16x32x324,1x16x32x324
/backbone/stages.2/op_list.6/context_module/main/Transpose,Transpose,0,0.00%,1327104,0.13%,0,0.00%,1x16x32x324,1x16x324x32
/backbone/stages.2/op_list.6/context_module/main/Pad,Pad,0,0.00%,1368576,0.13%,0,0.00%,1x16x32x324,1x16x33x324
/backbone/stages.2/op_list.6/context_module/main/MatMul,MatMul,5474304,0.08%,135168,0.01%,0,0.00%,1x16x33x324,1x16x33x32
/backbone/stages.2/op_list.6/context_module/main/MatMul_1,MatMul,5474304,0.08%,1368576,0.13%,0,0.00%,1x16x33x32,1x16x33x324
/backbone/stages.2/op_list.6/context_module/main/Slice_4,Slice,0,0.00%,1327104,0.13%,0,0.00%,1x16x33x324,1x16x32x324
/backbone/stages.2/op_list.6/context_module/main/Slice_5,Slice,0,0.00%,41472,0.00%,0,0.00%,1x16x33x324,1x16x1x324
/backbone/stages.2/op_list.6/context_module/main/Add,Add,5184,0.00%,41472,0.00%,0,0.00%,1x16x1x324,1x16x1x324
/backbone/stages.2/op_list.6/context_module/main/Div,Div,663552,0.01%,1327104,0.13%,0,0.00%,1x16x32x324,1x16x32x324
/backbone/stages.2/op_list.6/context_module/main/Concat_3,Concat,0,0.00%,32,0.00%,0,0.00%,1,4
/backbone/stages.2/op_list.6/context_module/main/Reshape_3,Reshape,0,0.00%,1327104,0.13%,0,0.00%,1x16x32x324,1x512x18x18
/backbone/stages.2/op_list.6/context_module/main/proj/conv/Conv,Conv,42550272,0.64%,1188864,0.11%,131328,0.27%,1x512x18x18,1x256x18x18
/backbone/stages.2/op_list.6/context_module/Add,Add,82944,0.00%,663552,0.06%,0,0.00%,1x256x18x18,1x256x18x18
/backbone/stages.2/op_list.6/local_module/main/inverted_conv/conv/Conv,Conv,85266432,1.29%,3706880,0.36%,263168,0.54%,1x256x18x18,1x1024x18x18
/backbone/stages.2/op_list.6/local_module/main/inverted_conv/act/Relu,Relu,331776,0.01%,2654208,0.26%,0,0.00%,1x1024x18x18,1x1024x18x18
/backbone/stages.2/op_list.6/local_module/main/depth_conv/conv/Conv,Conv,3317760,0.05%,2695168,0.26%,10240,0.02%,1x1024x18x18,1x1024x18x18
/backbone/stages.2/op_list.6/local_module/main/depth_conv/act/Relu,Relu,331776,0.01%,2654208,0.26%,0,0.00%,1x1024x18x18,1x1024x18x18
/backbone/stages.2/op_list.6/local_module/main/point_conv/conv/Conv,Conv,85017600,1.29%,1713152,0.16%,262400,0.54%,1x1024x18x18,1x256x18x18
/backbone/stages.2/op_list.6/local_module/Add,Add,82944,0.00%,663552,0.06%,0,0.00%,1x256x18x18,1x256x18x18
/backbone/stages.3/op_list.0/main/inverted_conv/conv/Conv,Conv,85266432,1.29%,3706880,0.36%,263168,0.54%,1x256x18x18,1x1024x18x18
/backbone/stages.3/op_list.0/main/inverted_conv/act/Relu,Relu,331776,0.01%,2654208,0.26%,0,0.00%,1x1024x18x18,1x1024x18x18
/backbone/stages.3/op_list.0/main/depth_conv/conv/Conv,Conv,829440,0.01%,704512,0.07%,10240,0.02%,1x1024x18x18,1x1024x9x9
/backbone/stages.3/op_list.0/main/depth_conv/act/Relu,Relu,82944,0.00%,663552,0.06%,0,0.00%,1x1024x9x9,1x1024x9x9
/backbone/stages.3/op_list.0/main/point_conv/conv/Conv,Conv,42508800,0.64%,2430976,0.23%,524800,1.08%,1x1024x9x9,1x512x9x9
/backbone/stages.3/op_list.1/context_module/main/qkv/conv/Conv,Conv,63700992,0.96%,4141056,0.40%,786432,1.62%,1x512x9x9,1x1536x9x9
/backbone/stages.3/op_list.1/context_module/main/aggreg.0/aggreg.0.0/Conv,Conv,3110400,0.05%,1148928,0.11%,38400,0.08%,1x1536x9x9,1x1536x9x9
/backbone/stages.3/op_list.1/context_module/main/aggreg.0/aggreg.0.1/Conv,Conv,3981312,0.06%,1191936,0.11%,49152,0.10%,1x1536x9x9,1x1536x9x9
/backbone/stages.3/op_list.1/context_module/main/Concat,Concat,0,0.00%,1990656,0.19%,0,0.00%,1x1536x9x9,1x3072x9x9
/backbone/stages.3/op_list.1/context_module/main/Shape,Shape,0,0.00%,32,0.00%,0,0.00%,1x3072x9x9,4
/backbone/stages.3/op_list.1/context_module/main/Gather,Gather,0,0.00%,0,0.00%,0,0.00%,4,0
/backbone/stages.3/op_list.1/context_module/main/Unsqueeze,Unsqueeze,0,0.00%,8,0.00%,0,0.00%,0,1
/backbone/stages.3/op_list.1/context_module/main/Concat_1,Concat,0,0.00%,40,0.00%,1,0.00%,1,4
/backbone/stages.3/op_list.1/context_module/main/Reshape,Reshape,0,0.00%,1990656,0.19%,0,0.00%,1x3072x9x9,1x32x96x81
/backbone/stages.3/op_list.1/context_module/main/Slice,Slice,0,0.00%,663552,0.06%,0,0.00%,1x32x96x81,1x32x32x81
/backbone/stages.3/op_list.1/context_module/main/Slice_1,Slice,0,0.00%,663552,0.06%,0,0.00%,1x32x96x81,1x32x32x81
/backbone/stages.3/op_list.1/context_module/main/Slice_2,Slice,0,0.00%,663552,0.06%,0,0.00%,1x32x96x81,1x32x32x81
/backbone/stages.3/op_list.1/context_module/main/kernel_func/Relu,Relu,82944,0.00%,663552,0.06%,0,0.00%,1x32x32x81,1x32x32x81
/backbone/stages.3/op_list.1/context_module/main/kernel_func_1/Relu,Relu,82944,0.00%,663552,0.06%,0,0.00%,1x32x32x81,1x32x32x81
/backbone/stages.3/op_list.1/context_module/main/Transpose,Transpose,0,0.00%,663552,0.06%,0,0.00%,1x32x32x81,1x32x81x32
/backbone/stages.3/op_list.1/context_module/main/Pad,Pad,0,0.00%,684288,0.07%,0,0.00%,1x32x32x81,1x32x33x81
/backbone/stages.3/op_list.1/context_module/main/MatMul,MatMul,2737152,0.04%,270336,0.03%,0,0.00%,1x32x33x81,1x32x33x32
/backbone/stages.3/op_list.1/context_module/main/MatMul_1,MatMul,2737152,0.04%,684288,0.07%,0,0.00%,1x32x33x32,1x32x33x81
/backbone/stages.3/op_list.1/context_module/main/Slice_4,Slice,0,0.00%,663552,0.06%,0,0.00%,1x32x33x81,1x32x32x81
/backbone/stages.3/op_list.1/context_module/main/Slice_5,Slice,0,0.00%,20736,0.00%,0,0.00%,1x32x33x81,1x32x1x81
/backbone/stages.3/op_list.1/context_module/main/Add,Add,2592,0.00%,20736,0.00%,0,0.00%,1x32x1x81,1x32x1x81
/backbone/stages.3/op_list.1/context_module/main/Div,Div,331776,0.01%,663552,0.06%,0,0.00%,1x32x32x81,1x32x32x81
/backbone/stages.3/op_list.1/context_module/main/Concat_3,Concat,0,0.00%,40,0.00%,1,0.00%,1,4
/backbone/stages.3/op_list.1/context_module/main/Reshape_3,Reshape,0,0.00%,663552,0.06%,0,0.00%,1x32x32x81,1x1024x9x9
/backbone/stages.3/op_list.1/context_module/main/proj/conv/Conv,Conv,42508800,0.64%,2430976,0.23%,524800,1.08%,1x1024x9x9,1x512x9x9
/backbone/stages.3/op_list.1/context_module/Add,Add,41472,0.00%,331776,0.03%,0,0.00%,1x512x9x9,1x512x9x9
/backbone/stages.3/op_list.1/local_module/main/inverted_conv/conv/Conv,Conv,85100544,1.29%,5529600,0.53%,1050624,2.16%,1x512x9x9,1x2048x9x9
/backbone/stages.3/op_list.1/local_module/main/inverted_conv/act/Relu,Relu,165888,0.00%,1327104,0.13%,0,0.00%,1x2048x9x9,1x2048x9x9
/backbone/stages.3/op_list.1/local_module/main/depth_conv/conv/Conv,Conv,1658880,0.03%,1409024,0.14%,20480,0.04%,1x2048x9x9,1x2048x9x9
/backbone/stages.3/op_list.1/local_module/main/depth_conv/act/Relu,Relu,165888,0.00%,1327104,0.13%,0,0.00%,1x2048x9x9,1x2048x9x9
/backbone/stages.3/op_list.1/local_module/main/point_conv/conv/Conv,Conv,84976128,1.29%,4528128,0.44%,1049088,2.16%,1x2048x9x9,1x512x9x9
/backbone/stages.3/op_list.1/local_module/Add,Add,41472,0.00%,331776,0.03%,0,0.00%,1x512x9x9,1x512x9x9
/backbone/stages.3/op_list.2/context_module/main/qkv/conv/Conv,Conv,63700992,0.96%,4141056,0.40%,786432,1.62%,1x512x9x9,1x1536x9x9
/backbone/stages.3/op_list.2/context_module/main/aggreg.0/aggreg.0.0/Conv,Conv,3110400,0.05%,1148928,0.11%,38400,0.08%,1x1536x9x9,1x1536x9x9
/backbone/stages.3/op_list.2/context_module/main/aggreg.0/aggreg.0.1/Conv,Conv,3981312,0.06%,1191936,0.11%,49152,0.10%,1x1536x9x9,1x1536x9x9
/backbone/stages.3/op_list.2/context_module/main/Concat,Concat,0,0.00%,1990656,0.19%,0,0.00%,1x1536x9x9,1x3072x9x9
/backbone/stages.3/op_list.2/context_module/main/Shape,Shape,0,0.00%,32,0.00%,0,0.00%,1x3072x9x9,4
/backbone/stages.3/op_list.2/context_module/main/Gather,Gather,0,0.00%,0,0.00%,0,0.00%,4,0
/backbone/stages.3/op_list.2/context_module/main/Unsqueeze,Unsqueeze,0,0.00%,8,0.00%,0,0.00%,0,1
/backbone/stages.3/op_list.2/context_module/main/Concat_1,Concat,0,0.00%,32,0.00%,0,0.00%,1,4
/backbone/stages.3/op_list.2/context_module/main/Reshape,Reshape,0,0.00%,1990656,0.19%,0,0.00%,1x3072x9x9,1x32x96x81
/backbone/stages.3/op_list.2/context_module/main/Slice,Slice,0,0.00%,663552,0.06%,0,0.00%,1x32x96x81,1x32x32x81
/backbone/stages.3/op_list.2/context_module/main/Slice_1,Slice,0,0.00%,663552,0.06%,0,0.00%,1x32x96x81,1x32x32x81
/backbone/stages.3/op_list.2/context_module/main/Slice_2,Slice,0,0.00%,663552,0.06%,0,0.00%,1x32x96x81,1x32x32x81
/backbone/stages.3/op_list.2/context_module/main/kernel_func/Relu,Relu,82944,0.00%,663552,0.06%,0,0.00%,1x32x32x81,1x32x32x81
/backbone/stages.3/op_list.2/context_module/main/kernel_func_1/Relu,Relu,82944,0.00%,663552,0.06%,0,0.00%,1x32x32x81,1x32x32x81
/backbone/stages.3/op_list.2/context_module/main/Transpose,Transpose,0,0.00%,663552,0.06%,0,0.00%,1x32x32x81,1x32x81x32
/backbone/stages.3/op_list.2/context_module/main/Pad,Pad,0,0.00%,684288,0.07%,0,0.00%,1x32x32x81,1x32x33x81
/backbone/stages.3/op_list.2/context_module/main/MatMul,MatMul,2737152,0.04%,270336,0.03%,0,0.00%,1x32x33x81,1x32x33x32
/backbone/stages.3/op_list.2/context_module/main/MatMul_1,MatMul,2737152,0.04%,684288,0.07%,0,0.00%,1x32x33x32,1x32x33x81
/backbone/stages.3/op_list.2/context_module/main/Slice_4,Slice,0,0.00%,663552,0.06%,0,0.00%,1x32x33x81,1x32x32x81
/backbone/stages.3/op_list.2/context_module/main/Slice_5,Slice,0,0.00%,20736,0.00%,0,0.00%,1x32x33x81,1x32x1x81
/backbone/stages.3/op_list.2/context_module/main/Add,Add,2592,0.00%,20736,0.00%,0,0.00%,1x32x1x81,1x32x1x81
/backbone/stages.3/op_list.2/context_module/main/Div,Div,331776,0.01%,663552,0.06%,0,0.00%,1x32x32x81,1x32x32x81
/backbone/stages.3/op_list.2/context_module/main/Concat_3,Concat,0,0.00%,32,0.00%,0,0.00%,1,4
/backbone/stages.3/op_list.2/context_module/main/Reshape_3,Reshape,0,0.00%,663552,0.06%,0,0.00%,1x32x32x81,1x1024x9x9
/backbone/stages.3/op_list.2/context_module/main/proj/conv/Conv,Conv,42508800,0.64%,2430976,0.23%,524800,1.08%,1x1024x9x9,1x512x9x9
/backbone/stages.3/op_list.2/context_module/Add,Add,41472,0.00%,331776,0.03%,0,0.00%,1x512x9x9,1x512x9x9
/backbone/stages.3/op_list.2/local_module/main/inverted_conv/conv/Conv,Conv,85100544,1.29%,5529600,0.53%,1050624,2.16%,1x512x9x9,1x2048x9x9
/backbone/stages.3/op_list.2/local_module/main/inverted_conv/act/Relu,Relu,165888,0.00%,1327104,0.13%,0,0.00%,1x2048x9x9,1x2048x9x9
/backbone/stages.3/op_list.2/local_module/main/depth_conv/conv/Conv,Conv,1658880,0.03%,1409024,0.14%,20480,0.04%,1x2048x9x9,1x2048x9x9
/backbone/stages.3/op_list.2/local_module/main/depth_conv/act/Relu,Relu,165888,0.00%,1327104,0.13%,0,0.00%,1x2048x9x9,1x2048x9x9
/backbone/stages.3/op_list.2/local_module/main/point_conv/conv/Conv,Conv,84976128,1.29%,4528128,0.44%,1049088,2.16%,1x2048x9x9,1x512x9x9
/backbone/stages.3/op_list.2/local_module/Add,Add,41472,0.00%,331776,0.03%,0,0.00%,1x512x9x9,1x512x9x9
/backbone/stages.3/op_list.3/context_module/main/qkv/conv/Conv,Conv,63700992,0.96%,4141056,0.40%,786432,1.62%,1x512x9x9,1x1536x9x9
/backbone/stages.3/op_list.3/context_module/main/aggreg.0/aggreg.0.0/Conv,Conv,3110400,0.05%,1148928,0.11%,38400,0.08%,1x1536x9x9,1x1536x9x9
/backbone/stages.3/op_list.3/context_module/main/aggreg.0/aggreg.0.1/Conv,Conv,3981312,0.06%,1191936,0.11%,49152,0.10%,1x1536x9x9,1x1536x9x9
/backbone/stages.3/op_list.3/context_module/main/Concat,Concat,0,0.00%,1990656,0.19%,0,0.00%,1x1536x9x9,1x3072x9x9
/backbone/stages.3/op_list.3/context_module/main/Shape,Shape,0,0.00%,32,0.00%,0,0.00%,1x3072x9x9,4
/backbone/stages.3/op_list.3/context_module/main/Gather,Gather,0,0.00%,0,0.00%,0,0.00%,4,0
/backbone/stages.3/op_list.3/context_module/main/Unsqueeze,Unsqueeze,0,0.00%,8,0.00%,0,0.00%,0,1
/backbone/stages.3/op_list.3/context_module/main/Concat_1,Concat,0,0.00%,32,0.00%,0,0.00%,1,4
/backbone/stages.3/op_list.3/context_module/main/Reshape,Reshape,0,0.00%,1990656,0.19%,0,0.00%,1x3072x9x9,1x32x96x81
/backbone/stages.3/op_list.3/context_module/main/Slice,Slice,0,0.00%,663552,0.06%,0,0.00%,1x32x96x81,1x32x32x81
/backbone/stages.3/op_list.3/context_module/main/Slice_1,Slice,0,0.00%,663552,0.06%,0,0.00%,1x32x96x81,1x32x32x81
/backbone/stages.3/op_list.3/context_module/main/Slice_2,Slice,0,0.00%,663552,0.06%,0,0.00%,1x32x96x81,1x32x32x81
/backbone/stages.3/op_list.3/context_module/main/kernel_func/Relu,Relu,82944,0.00%,663552,0.06%,0,0.00%,1x32x32x81,1x32x32x81
/backbone/stages.3/op_list.3/context_module/main/kernel_func_1/Relu,Relu,82944,0.00%,663552,0.06%,0,0.00%,1x32x32x81,1x32x32x81
/backbone/stages.3/op_list.3/context_module/main/Transpose,Transpose,0,0.00%,663552,0.06%,0,0.00%,1x32x32x81,1x32x81x32
/backbone/stages.3/op_list.3/context_module/main/Pad,Pad,0,0.00%,684288,0.07%,0,0.00%,1x32x32x81,1x32x33x81
/backbone/stages.3/op_list.3/context_module/main/MatMul,MatMul,2737152,0.04%,270336,0.03%,0,0.00%,1x32x33x81,1x32x33x32
/backbone/stages.3/op_list.3/context_module/main/MatMul_1,MatMul,2737152,0.04%,684288,0.07%,0,0.00%,1x32x33x32,1x32x33x81
/backbone/stages.3/op_list.3/context_module/main/Slice_4,Slice,0,0.00%,663552,0.06%,0,0.00%,1x32x33x81,1x32x32x81
/backbone/stages.3/op_list.3/context_module/main/Slice_5,Slice,0,0.00%,20736,0.00%,0,0.00%,1x32x33x81,1x32x1x81
/backbone/stages.3/op_list.3/context_module/main/Add,Add,2592,0.00%,20736,0.00%,0,0.00%,1x32x1x81,1x32x1x81
/backbone/stages.3/op_list.3/context_module/main/Div,Div,331776,0.01%,663552,0.06%,0,0.00%,1x32x32x81,1x32x32x81
/backbone/stages.3/op_list.3/context_module/main/Concat_3,Concat,0,0.00%,32,0.00%,0,0.00%,1,4
/backbone/stages.3/op_list.3/context_module/main/Reshape_3,Reshape,0,0.00%,663552,0.06%,0,0.00%,1x32x32x81,1x1024x9x9
/backbone/stages.3/op_list.3/context_module/main/proj/conv/Conv,Conv,42508800,0.64%,2430976,0.23%,524800,1.08%,1x1024x9x9,1x512x9x9
/backbone/stages.3/op_list.3/context_module/Add,Add,41472,0.00%,331776,0.03%,0,0.00%,1x512x9x9,1x512x9x9
/backbone/stages.3/op_list.3/local_module/main/inverted_conv/conv/Conv,Conv,85100544,1.29%,5529600,0.53%,1050624,2.16%,1x512x9x9,1x2048x9x9
/backbone/stages.3/op_list.3/local_module/main/inverted_conv/act/Relu,Relu,165888,0.00%,1327104,0.13%,0,0.00%,1x2048x9x9,1x2048x9x9
/backbone/stages.3/op_list.3/local_module/main/depth_conv/conv/Conv,Conv,1658880,0.03%,1409024,0.14%,20480,0.04%,1x2048x9x9,1x2048x9x9
/backbone/stages.3/op_list.3/local_module/main/depth_conv/act/Relu,Relu,165888,0.00%,1327104,0.13%,0,0.00%,1x2048x9x9,1x2048x9x9
/backbone/stages.3/op_list.3/local_module/main/point_conv/conv/Conv,Conv,84976128,1.29%,4528128,0.44%,1049088,2.16%,1x2048x9x9,1x512x9x9
/backbone/stages.3/op_list.3/local_module/Add,Add,41472,0.00%,331776,0.03%,0,0.00%,1x512x9x9,1x512x9x9
/backbone/stages.3/op_list.4/context_module/main/qkv/conv/Conv,Conv,63700992,0.96%,4141056,0.40%,786432,1.62%,1x512x9x9,1x1536x9x9
/backbone/stages.3/op_list.4/context_module/main/aggreg.0/aggreg.0.0/Conv,Conv,3110400,0.05%,1148928,0.11%,38400,0.08%,1x1536x9x9,1x1536x9x9
/backbone/stages.3/op_list.4/context_module/main/aggreg.0/aggreg.0.1/Conv,Conv,3981312,0.06%,1191936,0.11%,49152,0.10%,1x1536x9x9,1x1536x9x9
/backbone/stages.3/op_list.4/context_module/main/Concat,Concat,0,0.00%,1990656,0.19%,0,0.00%,1x1536x9x9,1x3072x9x9
/backbone/stages.3/op_list.4/context_module/main/Shape,Shape,0,0.00%,32,0.00%,0,0.00%,1x3072x9x9,4
/backbone/stages.3/op_list.4/context_module/main/Gather,Gather,0,0.00%,0,0.00%,0,0.00%,4,0
/backbone/stages.3/op_list.4/context_module/main/Unsqueeze,Unsqueeze,0,0.00%,8,0.00%,0,0.00%,0,1
/backbone/stages.3/op_list.4/context_module/main/Concat_1,Concat,0,0.00%,32,0.00%,0,0.00%,1,4
/backbone/stages.3/op_list.4/context_module/main/Reshape,Reshape,0,0.00%,1990656,0.19%,0,0.00%,1x3072x9x9,1x32x96x81
/backbone/stages.3/op_list.4/context_module/main/Slice,Slice,0,0.00%,663552,0.06%,0,0.00%,1x32x96x81,1x32x32x81
/backbone/stages.3/op_list.4/context_module/main/Slice_1,Slice,0,0.00%,663552,0.06%,0,0.00%,1x32x96x81,1x32x32x81
/backbone/stages.3/op_list.4/context_module/main/Slice_2,Slice,0,0.00%,663552,0.06%,0,0.00%,1x32x96x81,1x32x32x81
/backbone/stages.3/op_list.4/context_module/main/kernel_func/Relu,Relu,82944,0.00%,663552,0.06%,0,0.00%,1x32x32x81,1x32x32x81
/backbone/stages.3/op_list.4/context_module/main/kernel_func_1/Relu,Relu,82944,0.00%,663552,0.06%,0,0.00%,1x32x32x81,1x32x32x81
/backbone/stages.3/op_list.4/context_module/main/Transpose,Transpose,0,0.00%,663552,0.06%,0,0.00%,1x32x32x81,1x32x81x32
/backbone/stages.3/op_list.4/context_module/main/Pad,Pad,0,0.00%,684288,0.07%,0,0.00%,1x32x32x81,1x32x33x81
/backbone/stages.3/op_list.4/context_module/main/MatMul,MatMul,2737152,0.04%,270336,0.03%,0,0.00%,1x32x33x81,1x32x33x32
/backbone/stages.3/op_list.4/context_module/main/MatMul_1,MatMul,2737152,0.04%,684288,0.07%,0,0.00%,1x32x33x32,1x32x33x81
/backbone/stages.3/op_list.4/context_module/main/Slice_4,Slice,0,0.00%,663552,0.06%,0,0.00%,1x32x33x81,1x32x32x81
/backbone/stages.3/op_list.4/context_module/main/Slice_5,Slice,0,0.00%,20736,0.00%,0,0.00%,1x32x33x81,1x32x1x81
/backbone/stages.3/op_list.4/context_module/main/Add,Add,2592,0.00%,20736,0.00%,0,0.00%,1x32x1x81,1x32x1x81
/backbone/stages.3/op_list.4/context_module/main/Div,Div,331776,0.01%,663552,0.06%,0,0.00%,1x32x32x81,1x32x32x81
/backbone/stages.3/op_list.4/context_module/main/Concat_3,Concat,0,0.00%,32,0.00%,0,0.00%,1,4
/backbone/stages.3/op_list.4/context_module/main/Reshape_3,Reshape,0,0.00%,663552,0.06%,0,0.00%,1x32x32x81,1x1024x9x9
/backbone/stages.3/op_list.4/context_module/main/proj/conv/Conv,Conv,42508800,0.64%,2430976,0.23%,524800,1.08%,1x1024x9x9,1x512x9x9
/backbone/stages.3/op_list.4/context_module/Add,Add,41472,0.00%,331776,0.03%,0,0.00%,1x512x9x9,1x512x9x9
/backbone/stages.3/op_list.4/local_module/main/inverted_conv/conv/Conv,Conv,85100544,1.29%,5529600,0.53%,1050624,2.16%,1x512x9x9,1x2048x9x9
/backbone/stages.3/op_list.4/local_module/main/inverted_conv/act/Relu,Relu,165888,0.00%,1327104,0.13%,0,0.00%,1x2048x9x9,1x2048x9x9
/backbone/stages.3/op_list.4/local_module/main/depth_conv/conv/Conv,Conv,1658880,0.03%,1409024,0.14%,20480,0.04%,1x2048x9x9,1x2048x9x9
/backbone/stages.3/op_list.4/local_module/main/depth_conv/act/Relu,Relu,165888,0.00%,1327104,0.13%,0,0.00%,1x2048x9x9,1x2048x9x9
/backbone/stages.3/op_list.4/local_module/main/point_conv/conv/Conv,Conv,84976128,1.29%,4528128,0.44%,1049088,2.16%,1x2048x9x9,1x512x9x9
/backbone/stages.3/op_list.4/local_module/Add,Add,41472,0.00%,331776,0.03%,0,0.00%,1x512x9x9,1x512x9x9
/backbone/stages.3/op_list.5/context_module/main/qkv/conv/Conv,Conv,63700992,0.96%,4141056,0.40%,786432,1.62%,1x512x9x9,1x1536x9x9
/backbone/stages.3/op_list.5/context_module/main/aggreg.0/aggreg.0.0/Conv,Conv,3110400,0.05%,1148928,0.11%,38400,0.08%,1x1536x9x9,1x1536x9x9
/backbone/stages.3/op_list.5/context_module/main/aggreg.0/aggreg.0.1/Conv,Conv,3981312,0.06%,1191936,0.11%,49152,0.10%,1x1536x9x9,1x1536x9x9
/backbone/stages.3/op_list.5/context_module/main/Concat,Concat,0,0.00%,1990656,0.19%,0,0.00%,1x1536x9x9,1x3072x9x9
/backbone/stages.3/op_list.5/context_module/main/Shape,Shape,0,0.00%,32,0.00%,0,0.00%,1x3072x9x9,4
/backbone/stages.3/op_list.5/context_module/main/Gather,Gather,0,0.00%,0,0.00%,0,0.00%,4,0
/backbone/stages.3/op_list.5/context_module/main/Unsqueeze,Unsqueeze,0,0.00%,8,0.00%,0,0.00%,0,1
/backbone/stages.3/op_list.5/context_module/main/Concat_1,Concat,0,0.00%,32,0.00%,0,0.00%,1,4
/backbone/stages.3/op_list.5/context_module/main/Reshape,Reshape,0,0.00%,1990656,0.19%,0,0.00%,1x3072x9x9,1x32x96x81
/backbone/stages.3/op_list.5/context_module/main/Slice,Slice,0,0.00%,663552,0.06%,0,0.00%,1x32x96x81,1x32x32x81
/backbone/stages.3/op_list.5/context_module/main/Slice_1,Slice,0,0.00%,663552,0.06%,0,0.00%,1x32x96x81,1x32x32x81
/backbone/stages.3/op_list.5/context_module/main/Slice_2,Slice,0,0.00%,663552,0.06%,0,0.00%,1x32x96x81,1x32x32x81
/backbone/stages.3/op_list.5/context_module/main/kernel_func/Relu,Relu,82944,0.00%,663552,0.06%,0,0.00%,1x32x32x81,1x32x32x81
/backbone/stages.3/op_list.5/context_module/main/kernel_func_1/Relu,Relu,82944,0.00%,663552,0.06%,0,0.00%,1x32x32x81,1x32x32x81
/backbone/stages.3/op_list.5/context_module/main/Transpose,Transpose,0,0.00%,663552,0.06%,0,0.00%,1x32x32x81,1x32x81x32
/backbone/stages.3/op_list.5/context_module/main/Pad,Pad,0,0.00%,684288,0.07%,0,0.00%,1x32x32x81,1x32x33x81
/backbone/stages.3/op_list.5/context_module/main/MatMul,MatMul,2737152,0.04%,270336,0.03%,0,0.00%,1x32x33x81,1x32x33x32
/backbone/stages.3/op_list.5/context_module/main/MatMul_1,MatMul,2737152,0.04%,684288,0.07%,0,0.00%,1x32x33x32,1x32x33x81
/backbone/stages.3/op_list.5/context_module/main/Slice_4,Slice,0,0.00%,663552,0.06%,0,0.00%,1x32x33x81,1x32x32x81
/backbone/stages.3/op_list.5/context_module/main/Slice_5,Slice,0,0.00%,20736,0.00%,0,0.00%,1x32x33x81,1x32x1x81
/backbone/stages.3/op_list.5/context_module/main/Add,Add,2592,0.00%,20736,0.00%,0,0.00%,1x32x1x81,1x32x1x81
/backbone/stages.3/op_list.5/context_module/main/Div,Div,331776,0.01%,663552,0.06%,0,0.00%,1x32x32x81,1x32x32x81
/backbone/stages.3/op_list.5/context_module/main/Concat_3,Concat,0,0.00%,32,0.00%,0,0.00%,1,4
/backbone/stages.3/op_list.5/context_module/main/Reshape_3,Reshape,0,0.00%,663552,0.06%,0,0.00%,1x32x32x81,1x1024x9x9
/backbone/stages.3/op_list.5/context_module/main/proj/conv/Conv,Conv,42508800,0.64%,2430976,0.23%,524800,1.08%,1x1024x9x9,1x512x9x9
/backbone/stages.3/op_list.5/context_module/Add,Add,41472,0.00%,331776,0.03%,0,0.00%,1x512x9x9,1x512x9x9
/backbone/stages.3/op_list.5/local_module/main/inverted_conv/conv/Conv,Conv,85100544,1.29%,5529600,0.53%,1050624,2.16%,1x512x9x9,1x2048x9x9
/backbone/stages.3/op_list.5/local_module/main/inverted_conv/act/Relu,Relu,165888,0.00%,1327104,0.13%,0,0.00%,1x2048x9x9,1x2048x9x9
/backbone/stages.3/op_list.5/local_module/main/depth_conv/conv/Conv,Conv,1658880,0.03%,1409024,0.14%,20480,0.04%,1x2048x9x9,1x2048x9x9
/backbone/stages.3/op_list.5/local_module/main/depth_conv/act/Relu,Relu,165888,0.00%,1327104,0.13%,0,0.00%,1x2048x9x9,1x2048x9x9
/backbone/stages.3/op_list.5/local_module/main/point_conv/conv/Conv,Conv,84976128,1.29%,4528128,0.44%,1049088,2.16%,1x2048x9x9,1x512x9x9
/backbone/stages.3/op_list.5/local_module/Add,Add,41472,0.00%,331776,0.03%,0,0.00%,1x512x9x9,1x512x9x9
/backbone/stages.3/op_list.6/context_module/main/qkv/conv/Conv,Conv,63700992,0.96%,4141056,0.40%,786432,1.62%,1x512x9x9,1x1536x9x9
/backbone/stages.3/op_list.6/context_module/main/aggreg.0/aggreg.0.0/Conv,Conv,3110400,0.05%,1148928,0.11%,38400,0.08%,1x1536x9x9,1x1536x9x9
/backbone/stages.3/op_list.6/context_module/main/aggreg.0/aggreg.0.1/Conv,Conv,3981312,0.06%,1191936,0.11%,49152,0.10%,1x1536x9x9,1x1536x9x9
/backbone/stages.3/op_list.6/context_module/main/Concat,Concat,0,0.00%,1990656,0.19%,0,0.00%,1x1536x9x9,1x3072x9x9
/backbone/stages.3/op_list.6/context_module/main/Shape,Shape,0,0.00%,32,0.00%,0,0.00%,1x3072x9x9,4
/backbone/stages.3/op_list.6/context_module/main/Gather,Gather,0,0.00%,0,0.00%,0,0.00%,4,0
/backbone/stages.3/op_list.6/context_module/main/Unsqueeze,Unsqueeze,0,0.00%,8,0.00%,0,0.00%,0,1
/backbone/stages.3/op_list.6/context_module/main/Concat_1,Concat,0,0.00%,32,0.00%,0,0.00%,1,4
/backbone/stages.3/op_list.6/context_module/main/Reshape,Reshape,0,0.00%,1990656,0.19%,0,0.00%,1x3072x9x9,1x32x96x81
/backbone/stages.3/op_list.6/context_module/main/Slice,Slice,0,0.00%,663552,0.06%,0,0.00%,1x32x96x81,1x32x32x81
/backbone/stages.3/op_list.6/context_module/main/Slice_1,Slice,0,0.00%,663552,0.06%,0,0.00%,1x32x96x81,1x32x32x81
/backbone/stages.3/op_list.6/context_module/main/Slice_2,Slice,0,0.00%,663552,0.06%,0,0.00%,1x32x96x81,1x32x32x81
/backbone/stages.3/op_list.6/context_module/main/kernel_func/Relu,Relu,82944,0.00%,663552,0.06%,0,0.00%,1x32x32x81,1x32x32x81
/backbone/stages.3/op_list.6/context_module/main/kernel_func_1/Relu,Relu,82944,0.00%,663552,0.06%,0,0.00%,1x32x32x81,1x32x32x81
/backbone/stages.3/op_list.6/context_module/main/Transpose,Transpose,0,0.00%,663552,0.06%,0,0.00%,1x32x32x81,1x32x81x32
/backbone/stages.3/op_list.6/context_module/main/Pad,Pad,0,0.00%,684288,0.07%,0,0.00%,1x32x32x81,1x32x33x81
/backbone/stages.3/op_list.6/context_module/main/MatMul,MatMul,2737152,0.04%,270336,0.03%,0,0.00%,1x32x33x81,1x32x33x32
/backbone/stages.3/op_list.6/context_module/main/MatMul_1,MatMul,2737152,0.04%,684288,0.07%,0,0.00%,1x32x33x32,1x32x33x81
/backbone/stages.3/op_list.6/context_module/main/Slice_4,Slice,0,0.00%,663552,0.06%,0,0.00%,1x32x33x81,1x32x32x81
/backbone/stages.3/op_list.6/context_module/main/Slice_5,Slice,0,0.00%,20736,0.00%,0,0.00%,1x32x33x81,1x32x1x81
/backbone/stages.3/op_list.6/context_module/main/Add,Add,2592,0.00%,20736,0.00%,0,0.00%,1x32x1x81,1x32x1x81
/backbone/stages.3/op_list.6/context_module/main/Div,Div,331776,0.01%,663552,0.06%,0,0.00%,1x32x32x81,1x32x32x81
/backbone/stages.3/op_list.6/context_module/main/Concat_3,Concat,0,0.00%,32,0.00%,0,0.00%,1,4
/backbone/stages.3/op_list.6/context_module/main/Reshape_3,Reshape,0,0.00%,663552,0.06%,0,0.00%,1x32x32x81,1x1024x9x9
/backbone/stages.3/op_list.6/context_module/main/proj/conv/Conv,Conv,42508800,0.64%,2430976,0.23%,524800,1.08%,1x1024x9x9,1x512x9x9
/backbone/stages.3/op_list.6/context_module/Add,Add,41472,0.00%,331776,0.03%,0,0.00%,1x512x9x9,1x512x9x9
/backbone/stages.3/op_list.6/local_module/main/inverted_conv/conv/Conv,Conv,85100544,1.29%,5529600,0.53%,1050624,2.16%,1x512x9x9,1x2048x9x9
/backbone/stages.3/op_list.6/local_module/main/inverted_conv/act/Relu,Relu,165888,0.00%,1327104,0.13%,0,0.00%,1x2048x9x9,1x2048x9x9
/backbone/stages.3/op_list.6/local_module/main/depth_conv/conv/Conv,Conv,1658880,0.03%,1409024,0.14%,20480,0.04%,1x2048x9x9,1x2048x9x9
/backbone/stages.3/op_list.6/local_module/main/depth_conv/act/Relu,Relu,165888,0.00%,1327104,0.13%,0,0.00%,1x2048x9x9,1x2048x9x9
/backbone/stages.3/op_list.6/local_module/main/point_conv/conv/Conv,Conv,84976128,1.29%,4528128,0.44%,1049088,2.16%,1x2048x9x9,1x512x9x9
/backbone/stages.3/op_list.6/local_module/Add,Add,41472,0.00%,331776,0.03%,0,0.00%,1x512x9x9,1x512x9x9
/backbone/stages.3/op_list.7/context_module/main/qkv/conv/Conv,Conv,63700992,0.96%,4141056,0.40%,786432,1.62%,1x512x9x9,1x1536x9x9
/backbone/stages.3/op_list.7/context_module/main/aggreg.0/aggreg.0.0/Conv,Conv,3110400,0.05%,1148928,0.11%,38400,0.08%,1x1536x9x9,1x1536x9x9
/backbone/stages.3/op_list.7/context_module/main/aggreg.0/aggreg.0.1/Conv,Conv,3981312,0.06%,1191936,0.11%,49152,0.10%,1x1536x9x9,1x1536x9x9
/backbone/stages.3/op_list.7/context_module/main/Concat,Concat,0,0.00%,1990656,0.19%,0,0.00%,1x1536x9x9,1x3072x9x9
/backbone/stages.3/op_list.7/context_module/main/Shape,Shape,0,0.00%,32,0.00%,0,0.00%,1x3072x9x9,4
/backbone/stages.3/op_list.7/context_module/main/Gather,Gather,0,0.00%,0,0.00%,0,0.00%,4,0
/backbone/stages.3/op_list.7/context_module/main/Unsqueeze,Unsqueeze,0,0.00%,8,0.00%,0,0.00%,0,1
/backbone/stages.3/op_list.7/context_module/main/Concat_1,Concat,0,0.00%,32,0.00%,0,0.00%,1,4
/backbone/stages.3/op_list.7/context_module/main/Reshape,Reshape,0,0.00%,1990656,0.19%,0,0.00%,1x3072x9x9,1x32x96x81
/backbone/stages.3/op_list.7/context_module/main/Slice,Slice,0,0.00%,663552,0.06%,0,0.00%,1x32x96x81,1x32x32x81
/backbone/stages.3/op_list.7/context_module/main/Slice_1,Slice,0,0.00%,663552,0.06%,0,0.00%,1x32x96x81,1x32x32x81
/backbone/stages.3/op_list.7/context_module/main/Slice_2,Slice,0,0.00%,663552,0.06%,0,0.00%,1x32x96x81,1x32x32x81
/backbone/stages.3/op_list.7/context_module/main/kernel_func/Relu,Relu,82944,0.00%,663552,0.06%,0,0.00%,1x32x32x81,1x32x32x81
/backbone/stages.3/op_list.7/context_module/main/kernel_func_1/Relu,Relu,82944,0.00%,663552,0.06%,0,0.00%,1x32x32x81,1x32x32x81
/backbone/stages.3/op_list.7/context_module/main/Transpose,Transpose,0,0.00%,663552,0.06%,0,0.00%,1x32x32x81,1x32x81x32
/backbone/stages.3/op_list.7/context_module/main/Pad,Pad,0,0.00%,684288,0.07%,0,0.00%,1x32x32x81,1x32x33x81
/backbone/stages.3/op_list.7/context_module/main/MatMul,MatMul,2737152,0.04%,270336,0.03%,0,0.00%,1x32x33x81,1x32x33x32
/backbone/stages.3/op_list.7/context_module/main/MatMul_1,MatMul,2737152,0.04%,684288,0.07%,0,0.00%,1x32x33x32,1x32x33x81
/backbone/stages.3/op_list.7/context_module/main/Slice_4,Slice,0,0.00%,663552,0.06%,0,0.00%,1x32x33x81,1x32x32x81
/backbone/stages.3/op_list.7/context_module/main/Slice_5,Slice,0,0.00%,20736,0.00%,0,0.00%,1x32x33x81,1x32x1x81
/backbone/stages.3/op_list.7/context_module/main/Add,Add,2592,0.00%,20736,0.00%,0,0.00%,1x32x1x81,1x32x1x81
/backbone/stages.3/op_list.7/context_module/main/Div,Div,331776,0.01%,663552,0.06%,0,0.00%,1x32x32x81,1x32x32x81
/backbone/stages.3/op_list.7/context_module/main/Concat_3,Concat,0,0.00%,32,0.00%,0,0.00%,1,4
/backbone/stages.3/op_list.7/context_module/main/Reshape_3,Reshape,0,0.00%,663552,0.06%,0,0.00%,1x32x32x81,1x1024x9x9
/backbone/stages.3/op_list.7/context_module/main/proj/conv/Conv,Conv,42508800,0.64%,2430976,0.23%,524800,1.08%,1x1024x9x9,1x512x9x9
/backbone/stages.3/op_list.7/context_module/Add,Add,41472,0.00%,331776,0.03%,0,0.00%,1x512x9x9,1x512x9x9
/backbone/stages.3/op_list.7/local_module/main/inverted_conv/conv/Conv,Conv,85100544,1.29%,5529600,0.53%,1050624,2.16%,1x512x9x9,1x2048x9x9
/backbone/stages.3/op_list.7/local_module/main/inverted_conv/act/Relu,Relu,165888,0.00%,1327104,0.13%,0,0.00%,1x2048x9x9,1x2048x9x9
/backbone/stages.3/op_list.7/local_module/main/depth_conv/conv/Conv,Conv,1658880,0.03%,1409024,0.14%,20480,0.04%,1x2048x9x9,1x2048x9x9
/backbone/stages.3/op_list.7/local_module/main/depth_conv/act/Relu,Relu,165888,0.00%,1327104,0.13%,0,0.00%,1x2048x9x9,1x2048x9x9
/backbone/stages.3/op_list.7/local_module/main/point_conv/conv/Conv,Conv,84976128,1.29%,4528128,0.44%,1049088,2.16%,1x2048x9x9,1x512x9x9
/backbone/stages.3/op_list.7/local_module/Add,Add,41472,0.00%,331776,0.03%,0,0.00%,1x512x9x9,1x512x9x9
/backbone/stages.3/op_list.8/context_module/main/qkv/conv/Conv,Conv,63700992,0.96%,4141056,0.40%,786432,1.62%,1x512x9x9,1x1536x9x9
/backbone/stages.3/op_list.8/context_module/main/aggreg.0/aggreg.0.0/Conv,Conv,3110400,0.05%,1148928,0.11%,38400,0.08%,1x1536x9x9,1x1536x9x9
/backbone/stages.3/op_list.8/context_module/main/aggreg.0/aggreg.0.1/Conv,Conv,3981312,0.06%,1191936,0.11%,49152,0.10%,1x1536x9x9,1x1536x9x9
/backbone/stages.3/op_list.8/context_module/main/Concat,Concat,0,0.00%,1990656,0.19%,0,0.00%,1x1536x9x9,1x3072x9x9
/backbone/stages.3/op_list.8/context_module/main/Shape,Shape,0,0.00%,32,0.00%,0,0.00%,1x3072x9x9,4
/backbone/stages.3/op_list.8/context_module/main/Gather,Gather,0,0.00%,0,0.00%,0,0.00%,4,0
/backbone/stages.3/op_list.8/context_module/main/Unsqueeze,Unsqueeze,0,0.00%,8,0.00%,0,0.00%,0,1
/backbone/stages.3/op_list.8/context_module/main/Concat_1,Concat,0,0.00%,32,0.00%,0,0.00%,1,4
/backbone/stages.3/op_list.8/context_module/main/Reshape,Reshape,0,0.00%,1990656,0.19%,0,0.00%,1x3072x9x9,1x32x96x81
/backbone/stages.3/op_list.8/context_module/main/Slice,Slice,0,0.00%,663552,0.06%,0,0.00%,1x32x96x81,1x32x32x81
/backbone/stages.3/op_list.8/context_module/main/Slice_1,Slice,0,0.00%,663552,0.06%,0,0.00%,1x32x96x81,1x32x32x81
/backbone/stages.3/op_list.8/context_module/main/Slice_2,Slice,0,0.00%,663552,0.06%,0,0.00%,1x32x96x81,1x32x32x81
/backbone/stages.3/op_list.8/context_module/main/kernel_func/Relu,Relu,82944,0.00%,663552,0.06%,0,0.00%,1x32x32x81,1x32x32x81
/backbone/stages.3/op_list.8/context_module/main/kernel_func_1/Relu,Relu,82944,0.00%,663552,0.06%,0,0.00%,1x32x32x81,1x32x32x81
/backbone/stages.3/op_list.8/context_module/main/Transpose,Transpose,0,0.00%,663552,0.06%,0,0.00%,1x32x32x81,1x32x81x32
/backbone/stages.3/op_list.8/context_module/main/Pad,Pad,0,0.00%,684288,0.07%,0,0.00%,1x32x32x81,1x32x33x81
/backbone/stages.3/op_list.8/context_module/main/MatMul,MatMul,2737152,0.04%,270336,0.03%,0,0.00%,1x32x33x81,1x32x33x32
/backbone/stages.3/op_list.8/context_module/main/MatMul_1,MatMul,2737152,0.04%,684288,0.07%,0,0.00%,1x32x33x32,1x32x33x81
/backbone/stages.3/op_list.8/context_module/main/Slice_4,Slice,0,0.00%,663552,0.06%,0,0.00%,1x32x33x81,1x32x32x81
/backbone/stages.3/op_list.8/context_module/main/Slice_5,Slice,0,0.00%,20736,0.00%,0,0.00%,1x32x33x81,1x32x1x81
/backbone/stages.3/op_list.8/context_module/main/Add,Add,2592,0.00%,20736,0.00%,0,0.00%,1x32x1x81,1x32x1x81
/backbone/stages.3/op_list.8/context_module/main/Div,Div,331776,0.01%,663552,0.06%,0,0.00%,1x32x32x81,1x32x32x81
/backbone/stages.3/op_list.8/context_module/main/Concat_3,Concat,0,0.00%,32,0.00%,0,0.00%,1,4
/backbone/stages.3/op_list.8/context_module/main/Reshape_3,Reshape,0,0.00%,663552,0.06%,0,0.00%,1x32x32x81,1x1024x9x9
/backbone/stages.3/op_list.8/context_module/main/proj/conv/Conv,Conv,42508800,0.64%,2430976,0.23%,524800,1.08%,1x1024x9x9,1x512x9x9
/backbone/stages.3/op_list.8/context_module/Add,Add,41472,0.00%,331776,0.03%,0,0.00%,1x512x9x9,1x512x9x9
/backbone/stages.3/op_list.8/local_module/main/inverted_conv/conv/Conv,Conv,85100544,1.29%,5529600,0.53%,1050624,2.16%,1x512x9x9,1x2048x9x9
/backbone/stages.3/op_list.8/local_module/main/inverted_conv/act/Relu,Relu,165888,0.00%,1327104,0.13%,0,0.00%,1x2048x9x9,1x2048x9x9
/backbone/stages.3/op_list.8/local_module/main/depth_conv/conv/Conv,Conv,1658880,0.03%,1409024,0.14%,20480,0.04%,1x2048x9x9,1x2048x9x9
/backbone/stages.3/op_list.8/local_module/main/depth_conv/act/Relu,Relu,165888,0.00%,1327104,0.13%,0,0.00%,1x2048x9x9,1x2048x9x9
/backbone/stages.3/op_list.8/local_module/main/point_conv/conv/Conv,Conv,84976128,1.29%,4528128,0.44%,1049088,2.16%,1x2048x9x9,1x512x9x9
/backbone/stages.3/op_list.8/local_module/Add,Add,41472,0.00%,331776,0.03%,0,0.00%,1x512x9x9,1x512x9x9
/backbone/stages.3/op_list.9/context_module/main/qkv/conv/Conv,Conv,63700992,0.96%,4141056,0.40%,786432,1.62%,1x512x9x9,1x1536x9x9
/backbone/stages.3/op_list.9/context_module/main/aggreg.0/aggreg.0.0/Conv,Conv,3110400,0.05%,1148928,0.11%,38400,0.08%,1x1536x9x9,1x1536x9x9
/backbone/stages.3/op_list.9/context_module/main/aggreg.0/aggreg.0.1/Conv,Conv,3981312,0.06%,1191936,0.11%,49152,0.10%,1x1536x9x9,1x1536x9x9
/backbone/stages.3/op_list.9/context_module/main/Concat,Concat,0,0.00%,1990656,0.19%,0,0.00%,1x1536x9x9,1x3072x9x9
/backbone/stages.3/op_list.9/context_module/main/Shape,Shape,0,0.00%,32,0.00%,0,0.00%,1x3072x9x9,4
/backbone/stages.3/op_list.9/context_module/main/Gather,Gather,0,0.00%,0,0.00%,0,0.00%,4,0
/backbone/stages.3/op_list.9/context_module/main/Unsqueeze,Unsqueeze,0,0.00%,8,0.00%,0,0.00%,0,1
/backbone/stages.3/op_list.9/context_module/main/Concat_1,Concat,0,0.00%,32,0.00%,0,0.00%,1,4
/backbone/stages.3/op_list.9/context_module/main/Reshape,Reshape,0,0.00%,1990656,0.19%,0,0.00%,1x3072x9x9,1x32x96x81
/backbone/stages.3/op_list.9/context_module/main/Slice,Slice,0,0.00%,663552,0.06%,0,0.00%,1x32x96x81,1x32x32x81
/backbone/stages.3/op_list.9/context_module/main/Slice_1,Slice,0,0.00%,663552,0.06%,0,0.00%,1x32x96x81,1x32x32x81
/backbone/stages.3/op_list.9/context_module/main/Slice_2,Slice,0,0.00%,663552,0.06%,0,0.00%,1x32x96x81,1x32x32x81
/backbone/stages.3/op_list.9/context_module/main/kernel_func/Relu,Relu,82944,0.00%,663552,0.06%,0,0.00%,1x32x32x81,1x32x32x81
/backbone/stages.3/op_list.9/context_module/main/kernel_func_1/Relu,Relu,82944,0.00%,663552,0.06%,0,0.00%,1x32x32x81,1x32x32x81
/backbone/stages.3/op_list.9/context_module/main/Transpose,Transpose,0,0.00%,663552,0.06%,0,0.00%,1x32x32x81,1x32x81x32
/backbone/stages.3/op_list.9/context_module/main/Pad,Pad,0,0.00%,684288,0.07%,0,0.00%,1x32x32x81,1x32x33x81
/backbone/stages.3/op_list.9/context_module/main/MatMul,MatMul,2737152,0.04%,270336,0.03%,0,0.00%,1x32x33x81,1x32x33x32
/backbone/stages.3/op_list.9/context_module/main/MatMul_1,MatMul,2737152,0.04%,684288,0.07%,0,0.00%,1x32x33x32,1x32x33x81
/backbone/stages.3/op_list.9/context_module/main/Slice_4,Slice,0,0.00%,663552,0.06%,0,0.00%,1x32x33x81,1x32x32x81
/backbone/stages.3/op_list.9/context_module/main/Slice_5,Slice,0,0.00%,20736,0.00%,0,0.00%,1x32x33x81,1x32x1x81
/backbone/stages.3/op_list.9/context_module/main/Add,Add,2592,0.00%,20736,0.00%,0,0.00%,1x32x1x81,1x32x1x81
/backbone/stages.3/op_list.9/context_module/main/Div,Div,331776,0.01%,663552,0.06%,0,0.00%,1x32x32x81,1x32x32x81
/backbone/stages.3/op_list.9/context_module/main/Concat_3,Concat,0,0.00%,32,0.00%,0,0.00%,1,4
/backbone/stages.3/op_list.9/context_module/main/Reshape_3,Reshape,0,0.00%,663552,0.06%,0,0.00%,1x32x32x81,1x1024x9x9
/backbone/stages.3/op_list.9/context_module/main/proj/conv/Conv,Conv,42508800,0.64%,2430976,0.23%,524800,1.08%,1x1024x9x9,1x512x9x9
/backbone/stages.3/op_list.9/context_module/Add,Add,41472,0.00%,331776,0.03%,0,0.00%,1x512x9x9,1x512x9x9
/backbone/stages.3/op_list.9/local_module/main/inverted_conv/conv/Conv,Conv,85100544,1.29%,5529600,0.53%,1050624,2.16%,1x512x9x9,1x2048x9x9
/backbone/stages.3/op_list.9/local_module/main/inverted_conv/act/Relu,Relu,165888,0.00%,1327104,0.13%,0,0.00%,1x2048x9x9,1x2048x9x9
/backbone/stages.3/op_list.9/local_module/main/depth_conv/conv/Conv,Conv,1658880,0.03%,1409024,0.14%,20480,0.04%,1x2048x9x9,1x2048x9x9
/backbone/stages.3/op_list.9/local_module/main/depth_conv/act/Relu,Relu,165888,0.00%,1327104,0.13%,0,0.00%,1x2048x9x9,1x2048x9x9
/backbone/stages.3/op_list.9/local_module/main/point_conv/conv/Conv,Conv,84976128,1.29%,4528128,0.44%,1049088,2.16%,1x2048x9x9,1x512x9x9
/backbone/stages.3/op_list.9/local_module/Add,Add,41472,0.00%,331776,0.03%,0,0.00%,1x512x9x9,1x512x9x9
/head/op_list.0/conv/Conv,Conv,95738112,1.45%,6220800,0.60%,1181952,2.43%,1x512x9x9,1x2304x9x9
/head/op_list.0/act/Relu,Relu,186624,0.00%,1492992,0.14%,0,0.00%,1x2304x9x9,1x2304x9x9
/head/op_list.1/GlobalAveragePool,GlobalAveragePool,195840,0.00%,18432,0.00%,0,0.00%,1x2304x9x9,1x2304x1x1
/head/op_list.2/Flatten,Flatten,0,0.00%,18432,0.00%,0,0.00%,1x2304x1x1,1x2304
/head/op_list.2/linear/MatMul,MatMul,5898240,0.09%,23613440,2.27%,5898240,12.13%,1x2304,1x2560
/head/op_list.2/norm/LayerNormalization,LayerNormalization,17949,0.00%,40960,0.00%,5120,0.01%,1x2560,1x2560
/head/op_list.2/act/Relu,Relu,2560,0.00%,20480,0.00%,0,0.00%,1x2560,1x2560
/head/op_list.3/linear/Gemm,Gemm,2561000,0.04%,10252000,0.99%,2561000,5.27%,1x2560,1x1000
Total,_,6608791461,100%,1040634648,100%,48622172,100%,_,_
